{
  "project_info": {
    "project_number": "234101849147",
    "firebase_url": "https://checkinlog.firebaseio.com",
    "project_id": "checkinlog",
    "storage_bucket": "checkinlog.appspot.com"
  },
  "client": [
    {
      "client_info": {
        "mobilesdk_app_id": "1:234101849147:android:a415fb5cd2707fd72fb01e",
        "android_client_info": {
          "package_name": "com.example.rfidpage"
        }
      },
      "oauth_client": [
        {
          "client_id": "234101849147-l6nikifsud9um6t3k1mke5dn4vn82l2o.apps.googleusercontent.com",
          "client_type": 1,
          "android_info": {
            "package_name": "com.example.rfidpage",
            "certificate_hash": "c07b209f4f9871ca506a9ea35df074f9a8df6b26"
          }
        },
        {
          "client_id": "234101849147-tgg9baghv9kmlap7f26c2i71skn82rh6.apps.googleusercontent.com",
          "client_type": 3
        }
      ],
      "api_key": [
        {
          "current_key": "AIzaSyBSveZ714-ERtw2_6qCpQRzlPwU_4Po8Dg"
        }
      ],
      "services": {
        "appinvite_service": {
          "other_platform_oauth_client": [
            {
              "client_id": "234101849147-tgg9baghv9kmlap7f26c2i71skn82rh6.apps.googleusercontent.com",
              "client_type": 3
            }
          ]
        }
      }
    }
  ],
  "configuration_version": "1"
}